ID,FirstName,LastName,Email,PassPort,Phone
1,Norman,Mabe,NormanMabe@gmail.com,36125882,501-719-2489
2,Robert,Naquin,RobertNaquin@gmail.com,59201908,209-538-9340
3,Brenda,Bejar,BrendaBejar@gmail.com,76774337,501-857-0886
4,Mary,Arno,MaryArno@gmail.com,03435819,205-423-1838
5,Eric,Tennison,EricTennison@gmail.com,24094285,501-313-1471
6,Edward,Kidd,EdwardKidd@gmail.com,73946837,501-319-5941
7,David,Hoyt,DavidHoyt@gmail.com,83031147,205-530-3827
8,Florence,Gorman,FlorenceGorman@gmail.com,95831370,501-589-2592
9,Anna,Mulroy,AnnaMulroy@gmail.com,46198264,713-857-8084
10,Billie,Gambrill,BillieGambrill@gmail.com,05554459,209-406-6334
11,Ruth,Boggs,RuthBoggs@gmail.com,42325629,713-143-1445
12,Lillie,Sanford,LillieSanford@gmail.com,00173946,209-728-0047
13,Gerald,Griffith,GeraldGriffith@gmail.com,38703367,501-857-0749
14,Matthew,Samuel,MatthewSamuel@gmail.com,37366317,209-851-5302
15,Louis,Kennedy,LouisKennedy@gmail.com,88462569,713-699-1672
