id,first_name,last_name,email,passport,phone_number,city,specialty
1,Jose,Sallis,jsallis0@patch.com,13150019,116-835-8640,100099,2
2,Wenonah,MacAless,wmacaless1@biglobe.ne.jp,14699110,715-142-7662,82871,4
3,Moses,Lampbrecht,mlampbrecht2@wikispaces.com,14430426,489-449-2912,17180,4
4,Eleanora,Forrestor,eforrestor3@abc.net.au,13710603,472-257-6187,17180,4
5,Elisabeth,Antonacci,eantonacci4@mail.ru,14436527,762-904-5568,2945,4
6,Phip,Cock,pcock5@yahoo.com,14923126,405-895-8738,62359,8
7,Louisa,Pardi,lpardi6@51.la,12948761,316-158-9269,80896,8
8,Hamid,Gynne,hgynne7@hao123.com,13983109,111-960-4169,17015,13
9,Maegan,Scading,mscading8@ted.com,13881811,342-375-4535,41220,3
10,Humberto,Geck,hgeck9@fc2.com,14164398,132-114-4067,100099,5
11,Rosalie,Mithon,rmithona@ameblo.jp,13363875,582-929-5083,60026,5
12,Corey,Harrinson,charrinsonb@list-manage.com,13870109,862-615-4075,78849,5
13,Margarita,Turnbull,mturnbullc@youku.com,13460664,862-492-7018,13844,9
14,Osmund,Seater,oseaterd@soup.io,14118451,891-346-4196,60026,10
15,Zachery,Danovich,zdanoviche@gmpg.org,13534322,978-197-6689,100099,1
16,Lamar,Gounin,lgouninf@economist.com,12822091,590-256-6388,82871,9
17,Richmound,Spavins,rspavinsg@i2i.jp,14579285,563-972-3843,53430,10
18,Dell,Bougourd,dbougourdh@google.it,14442422,386-356-1257,100099,13
19,Kiri,de Keyser,kdekeyseri@cloudflare.com,14184821,581-465-6466,62359,11
20,Ax,Kahane,akahanej@samsung.com,13976068,179-439-8930,2945,12
