id,first_name,last_name,email,phone_number
1,Charlie,Tassell,ctassell0@ed.gov,754-753-6658
2,Lynsey,Oldknow,loldknow1@xinhuanet.com,269-486-5207
3,Larry,Garlett,lgarlett2@tripadvisor.com,398-220-5899
4,Sharl,Glazier,sglazier3@dyndns.org,659-721-2314
5,Blythe,Croad,bcroad4@quantcast.com,654-294-0150
6,Fredra,O'Heyne,foheyne5@addtoany.com,971-779-4761
7,Perri,Gellibrand,pgellibrand6@fda.gov,259-706-7819
8,Jereme,Strickett,jstrickett7@columbia.edu,245-807-6541
9,Kellia,Jurasz,kjurasz8@tumblr.com,292-574-0918
10,Jamill,Wealthall,jwealthall9@wp.com,194-136-5107
11,Hedwig,Huguenet,hhugueneta@cocolog-nifty.com,520-751-2962
12,Dani,Coopey,dcoopeyb@utexas.edu,145-723-3615
13,Sonya,Arnason,sarnasonc@cnbc.com,961-616-8313
14,Petey,Cotta,pcottad@bandcamp.com,659-762-1278
15,Helaina,Stapleford,hstapleforde@illinois.edu,725-236-7317
16,Desmund,Steabler,dsteablerf@webs.com,829-565-3807
17,Evita,Cussins,ecussinsg@nydailynews.com,371-935-2014
18,Channa,Spours,cspoursh@chronoengine.com,284-219-0500
19,Augy,Woodburn,awoodburni@facebook.com,403-876-6824
20,Benn,Rope,bropej@constantcontact.com,280-400-5743
21,Rana,Emby,rembyk@purevolume.com,684-261-9949
22,Giuseppe,Frye,gfryel@timesonline.co.uk,837-337-2221
23,Kerwin,Kendrew,kkendrewm@hexun.com,871-633-9984
24,Cherilyn,Plevey,cpleveyn@google.de,255-626-6573
25,Brewster,O'Codihie,bocodihieo@indiegogo.com,205-132-0663
26,Jimmie,Mokes,jmokesp@youtube.com,689-230-0290
27,Katusha,Knappe,kknappeq@si.edu,801-690-0337
28,Bobbe,Vasiltsov,bvasiltsovr@qq.com,152-351-3462
29,Adoree,Berthome,aberthomes@sina.com.cn,611-834-2427
30,Melony,Hunstone,mhunstonet@whitehouse.gov,660-563-8105
31,Reyna,O'Conor,roconoru@pcworld.com,915-377-8112
32,Pierson,Cancott,pcancottv@ebay.com,390-697-0972
33,Hilary,Scrowson,hscrowsonw@fc2.com,698-966-3691
34,Sheelah,Bucknall,sbucknallx@hp.com,122-352-6241
35,Barr,Blevin,bbleviny@shutterfly.com,256-705-9156
36,Ame,Lackney,alackneyz@amazon.co.uk,753-472-8072
37,Merrily,Pyburn,mpyburn10@hatena.ne.jp,784-967-0189
38,Shannan,Bucklan,sbucklan11@ustream.tv,398-377-5452
39,Pate,Favey,pfavey12@aol.com,155-216-7614
40,Darlleen,Lukianov,dlukianov13@irs.gov,257-522-4137
41,Mari,Stroton,mstroton14@house.gov,916-994-7581
42,Vassily,Scawn,vscawn15@1und1.de,844-782-1111
43,Annnora,Flement,aflement16@360.cn,365-839-8946
44,Kaycee,Amerighi,kamerighi17@barnesandnoble.com,199-600-0289
45,Mal,Raittie,mraittie18@newyorker.com,275-175-8022
46,Joshuah,Crum,jcrum19@twitpic.com,526-468-6012
47,Karee,Craise,kcraise1a@yandex.ru,319-691-0583
48,Faye,Stoaks,fstoaks1b@cafepress.com,839-309-3364
49,Cherilyn,Formie,cformie1c@lycos.com,757-634-7240
50,Karly,Western,kwestern1d@imageshack.us,781-941-8222
51,Zaccaria,Shadfourth,zshadfourth1e@imgur.com,493-169-1626
52,Delcine,Fibbitts,dfibbitts1f@spiegel.de,392-657-7285
53,Ilaire,Tottem,itottem1g@berkeley.edu,598-692-4251
54,Corinne,Heffernon,cheffernon1h@squarespace.com,511-307-6948
55,Calv,Seak,cseak1i@disqus.com,977-864-3812
56,Isidoro,Carah,icarah1j@cmu.edu,828-440-6793
57,Broderic,Papis,bpapis1k@geocities.jp,399-906-9588
58,Robinia,Slate,rslate1l@wufoo.com,383-932-5040
59,Zita,Bennington,zbennington1m@cafepress.com,554-863-2581
60,Marena,Ghiriardelli,mghiriardelli1n@paginegialle.it,497-175-4687
61,Dewie,Gulk,dgulk1o@posterous.com,731-565-7626
62,Flory,MacCulloch,fmacculloch1p@washington.edu,545-868-9645
63,Caria,Rewbottom,crewbottom1q@amazon.com,187-557-8597
64,Powell,Laville,plaville1r@latimes.com,926-877-4182
65,Phillida,Linney,plinney1s@ftc.gov,704-443-8544
66,Merwin,Tilzey,mtilzey1t@weebly.com,545-785-9661
67,Krispin,Morris,kmorris1u@live.com,793-146-9863
68,Lizzie,Filippov,lfilippov1v@europa.eu,475-939-1589
69,Clemmy,Simnel,csimnel1w@jimdo.com,213-618-7055
70,Matt,Marginson,mmarginson1x@amazon.de,699-468-7062
71,Colby,Evreux,cevreux1y@etsy.com,775-580-4868
72,Hymie,Gosden,hgosden1z@tinyurl.com,388-404-3929
73,Olia,Salaman,osalaman20@irs.gov,643-391-0380
74,Perri,Cardon,pcardon21@last.fm,763-626-8869
75,Devin,Besantie,dbesantie22@eventbrite.com,222-200-8920
76,Germana,McLagan,gmclagan23@unesco.org,331-325-7234
77,Duffie,McAtamney,dmcatamney24@bloglines.com,402-254-7958
78,Tiffani,Sainthill,tsainthill25@theguardian.com,113-680-9276
79,Sukey,Sharpling,ssharpling26@psu.edu,809-842-9081
80,Jessee,Dradey,jdradey27@sciencedaily.com,134-637-1175
81,Arlee,Rangell,arangell28@hugedomains.com,809-861-4833
82,Teodoro,Regina,tregina29@last.fm,658-224-2125
83,Joyous,Kubal,jkubal2a@tamu.edu,191-380-0277
84,Karleen,Stayte,kstayte2b@economist.com,309-112-3277
85,Chlo,Izchaki,cizchaki2c@wsj.com,530-591-2695
86,Donnamarie,Clemitt,dclemitt2d@yellowbook.com,397-930-4215
87,Blanche,Bernaldez,bbernaldez2e@ning.com,929-786-8487
88,Melantha,Armytage,marmytage2f@domainmarket.com,280-327-8402
89,Uriel,Laneham,ulaneham2g@prlog.org,653-212-7526
90,Theadora,Bygate,tbygate2h@domainmarket.com,275-842-6779
91,Sampson,Cobley,scobley2i@census.gov,920-900-0675
92,Abbye,Gordon,agordon2j@aboutads.info,765-344-6048
93,Deborah,Sailes,dsailes2k@hostgator.com,316-316-0131
94,Caddric,Eighteen,ceighteen2l@webmd.com,108-136-2687
95,Sallyann,Wynes,swynes2m@cafepress.com,741-849-3181
96,Patsy,Blackman,pblackman2n@walmart.com,808-879-6274
97,Nola,Christescu,nchristescu2o@nih.gov,630-725-6602
98,Sileas,Vogl,svogl2p@timesonline.co.uk,124-220-6331
99,Gavin,Calderon,gcalderon2q@cafepress.com,525-650-1847
100,Corette,Eilert,ceilert2r@ibm.com,876-544-9774
101,Mignon,Scoyles,mscoyles2s@ovh.net,434-492-7128
102,Chane,Roskell,croskell2t@google.co.jp,527-745-3704
103,Taber,Manktelow,tmanktelow2u@boston.com,100-518-4039
104,Lida,Shyre,lshyre2v@walmart.com,981-184-8754
105,Hi,Liven,hliven2w@tripadvisor.com,915-670-1098
106,Wake,Rosenauer,wrosenauer2x@youku.com,152-718-7288
107,Henrie,Bluschke,hbluschke2y@privacy.gov.au,615-928-5551
108,Farand,Lightbourne,flightbourne2z@google.com.br,676-760-4580
109,Yank,Mechic,ymechic30@japanpost.jp,565-121-3950
110,Valentijn,Trevallion,vtrevallion31@hc360.com,383-458-9091
111,Leone,Josham,ljosham32@ustream.tv,585-648-9719
112,Clayborn,Goathrop,cgoathrop33@alibaba.com,601-663-4725
113,Leodora,Balcombe,lbalcombe34@sun.com,521-455-6120
114,Dougie,Drewell,ddrewell35@zdnet.com,233-217-0326
115,Scotty,Janicek,sjanicek36@msn.com,505-897-2219
116,Sasha,Paradyce,sparadyce37@theatlantic.com,128-992-9798
117,Tonia,Fairhurst,tfairhurst38@hc360.com,698-910-2282
118,Maury,Madelin,mmadelin39@guardian.co.uk,228-994-5724
119,Selma,Flann,sflann3a@gizmodo.com,635-286-1906
120,Christoffer,Riggoll,criggoll3b@hubpages.com,610-351-6147
121,Grete,Doel,gdoel3c@artisteer.com,709-339-1975
122,Oliviero,Cready,ocready3d@google.com.au,369-787-6787
123,Dionisio,Kilbourn,dkilbourn3e@reddit.com,851-130-6637
124,Vinny,Durgan,vdurgan3f@creativecommons.org,412-752-7035
125,Malvin,Summerly,msummerly3g@gravatar.com,970-847-8983
126,Gennifer,Teacy,gteacy3h@elegantthemes.com,734-311-0865
127,Diahann,Crisp,dcrisp3i@forbes.com,661-739-7041
128,Selena,Semmence,ssemmence3j@e-recht24.de,521-713-4555
129,Margot,Kikke,mkikke3k@ihg.com,445-263-9452
130,Hedwiga,Reightley,hreightley3l@constantcontact.com,412-185-6045
131,Jeanette,Droogan,jdroogan3m@tiny.cc,848-445-7401
132,Elisa,Greaves,egreaves3n@artisteer.com,190-376-3910
133,Carleton,Keaysell,ckeaysell3o@typepad.com,845-186-9262
134,Leoline,Hartshorn,lhartshorn3p@bing.com,566-165-4192
135,Kendra,Sims,ksims3q@japanpost.jp,988-198-1321
136,Lin,Snelling,lsnelling3r@ocn.ne.jp,369-831-1490
137,Mickie,Verheyden,mverheyden3s@wiley.com,776-505-8005
138,Valle,Cleall,vcleall3t@github.com,518-752-0889
139,Marchelle,Domanski,mdomanski3u@exblog.jp,903-867-7514
140,Lesly,Oldershaw,loldershaw3v@liveinternet.ru,148-694-4950
141,Toinette,Pedreschi,tpedreschi3w@tmall.com,103-495-9861
142,Yvon,Fere,yfere3x@salon.com,749-321-1308
143,Caresse,Bembrigg,cbembrigg3y@dropbox.com,366-858-5993
144,Gianina,Nisard,gnisard3z@wikipedia.org,225-866-7566
145,Carina,Skerrett,cskerrett40@weibo.com,739-746-6799
146,Frasier,Krzysztof,fkrzysztof41@theatlantic.com,524-765-5132
147,Berny,Linggood,blinggood42@upenn.edu,938-428-8537
148,Sonny,Lucio,slucio43@disqus.com,151-746-0601
149,Brian,Layus,blayus44@yellowbook.com,843-455-4943
150,Flynn,Skryne,fskryne45@hao123.com,503-965-4233
151,Claudette,Alliband,calliband46@jalbum.net,950-143-1704
152,Courtnay,Binnes,cbinnes47@rakuten.co.jp,447-990-3106
153,Johnathon,Barr,jbarr48@sfgate.com,313-617-0820
154,Steven,Tennewell,stennewell49@myspace.com,763-551-4876
155,Codi,Hansford,chansford4a@behance.net,497-834-0301
156,Rhiamon,Gaisford,rgaisford4b@cpanel.net,557-139-9787
157,Quincey,Monger,qmonger4c@mac.com,294-792-4374
158,Olive,Robert,orobert4d@stumbleupon.com,825-246-5468
159,Tudor,Earland,tearland4e@redcross.org,451-908-5069
160,Vivianne,Swalough,vswalough4f@mlb.com,668-205-5218
161,Loise,Le Floch,llefloch4g@nyu.edu,515-684-3363
162,Kerwin,Miranda,kmiranda4h@surveymonkey.com,300-335-5866
163,Randi,Oliveras,roliveras4i@networksolutions.com,301-173-4440
164,Geralda,Crudginton,gcrudginton4j@a8.net,531-896-7041
165,Faustina,Nazaret,fnazaret4k@bluehost.com,214-821-8003
166,Karleen,Berthe,kberthe4l@godaddy.com,126-903-5749
167,Marion,Rennie,mrennie4m@google.com.au,340-513-5881
168,Madalyn,Tompkin,mtompkin4n@liveinternet.ru,611-980-6001
169,Gilly,MacNab,gmacnab4o@mashable.com,631-395-1068
170,Cletis,Worham,cworham4p@buzzfeed.com,213-567-7602
171,Layney,Sedgeworth,lsedgeworth4q@list-manage.com,156-818-4859
172,Nedda,Marflitt,nmarflitt4r@yolasite.com,604-693-3859
173,Tony,Giacovetti,tgiacovetti4s@ovh.net,666-660-1518
174,Leona,Behnen,lbehnen4t@exblog.jp,886-661-3127
175,Krystalle,Summerill,ksummerill4u@webmd.com,203-230-1725
176,Reeba,Sconce,rsconce4v@icq.com,109-910-7452
177,Latrina,Dunridge,ldunridge4w@about.com,988-957-7220
178,Briggs,Terne,bterne4x@nasa.gov,544-251-3426
179,Garret,Houchen,ghouchen4y@e-recht24.de,180-856-0546
180,Rahal,Prendeguest,rprendeguest4z@behance.net,285-494-1838
181,Cecilio,Goreisr,cgoreisr50@ihg.com,671-198-3793
182,Robby,Brantzen,rbrantzen51@tripod.com,215-789-5494
183,Gilberta,Freemantle,gfreemantle52@illinois.edu,692-879-3432
184,Maddy,Dalwood,mdalwood53@posterous.com,188-180-3874
185,Delly,Dominique,ddominique54@goodreads.com,525-776-1516
186,Saul,Dreghorn,sdreghorn55@indiatimes.com,980-472-4656
187,Wandie,Iorizzo,wiorizzo56@scribd.com,991-199-3736
188,Irita,Lucchi,ilucchi57@de.vu,171-771-0471
189,Yule,Ekins,yekins58@mac.com,386-834-2463
190,Cal,Elsley,celsley59@oaic.gov.au,812-433-3847
191,Garwin,Drains,gdrains5a@telegraph.co.uk,494-764-4691
192,Aubrey,Jordine,ajordine5b@woothemes.com,708-752-7570
193,Susanne,Worgen,sworgen5c@toplist.cz,192-784-2744
194,Augustin,Hansie,ahansie5d@wired.com,900-124-6606
195,Happy,MacEntee,hmacentee5e@cpanel.net,530-765-4435
196,Margarethe,Shellshear,mshellshear5f@ted.com,957-301-0224
197,Ivonne,Musgrave,imusgrave5g@usnews.com,506-345-1739
198,Tonya,Kennealy,tkennealy5h@who.int,762-565-7248
199,Tiphani,Brownscombe,tbrownscombe5i@friendfeed.com,859-193-6749
200,Jan,Donaway,jdonaway5j@xinhuanet.com,187-511-7682
201,Ansell,Castagnet,acastagnet5k@biglobe.ne.jp,323-478-2594
202,Cordie,Butteris,cbutteris5l@nhs.uk,232-178-8611
203,Philip,Agge,pagge5m@paginegialle.it,613-472-0309
204,Amil,Antonnikov,aantonnikov5n@illinois.edu,856-701-1489
205,Kylynn,Friskey,kfriskey5o@go.com,143-601-9730
206,Sim,Boatright,sboatright5p@arstechnica.com,360-593-9805
207,Monica,Decaze,mdecaze5q@irs.gov,178-995-3249
208,Desdemona,Gionettitti,dgionettitti5r@nbcnews.com,704-680-4827
209,Luca,Chessil,lchessil5s@tinypic.com,279-358-2721
210,Catlee,Futcher,cfutcher5t@loc.gov,547-854-5530
211,Cilka,Marishenko,cmarishenko5u@ihg.com,415-999-2447
212,Markus,Trevna,mtrevna5v@google.fr,997-357-0507
213,Giraldo,Geyton,ggeyton5w@pbs.org,998-788-5341
214,Salvador,Laddle,sladdle5x@bbb.org,256-805-3192
215,Jean,Breinl,jbreinl5y@tinypic.com,556-685-9789
216,Peri,Seager,pseager5z@webmd.com,932-734-4279
217,Renelle,Keoghane,rkeoghane60@ycombinator.com,731-543-4320
218,Jo,Oloman,joloman61@newsvine.com,660-553-9264
219,Osbourn,Handes,ohandes62@noaa.gov,330-756-8238
220,Marsha,Boydle,mboydle63@loc.gov,311-938-1669
221,Angelina,Kierans,akierans64@wordpress.org,584-568-7626
222,Lon,Shipsey,lshipsey65@lulu.com,742-733-9524
223,Willi,Reasun,wreasun66@imgur.com,147-233-7775
224,Allegra,Hurdwell,ahurdwell67@jugem.jp,530-107-6375
225,Berna,Aysik,baysik68@dion.ne.jp,410-488-3116
226,Wallie,Wrotchford,wwrotchford69@ucoz.com,128-683-1583
227,Bertrando,Whiles,bwhiles6a@theglobeandmail.com,754-735-6593
228,Merridie,Belsher,mbelsher6b@marketwatch.com,519-655-0915
229,Marisa,Aicheson,maicheson6c@mlb.com,682-900-6631
230,Winnie,Feldhuhn,wfeldhuhn6d@clickbank.net,152-398-8850
231,Giselle,Giacomoni,ggiacomoni6e@linkedin.com,457-505-2873
232,Halley,Cartner,hcartner6f@indiatimes.com,753-415-0832
233,Noby,Jossum,njossum6g@technorati.com,879-826-0344
234,Griselda,Dominiak,gdominiak6h@mysql.com,418-761-6002
235,Huntley,Fortie,hfortie6i@sitemeter.com,374-485-8680
236,Leo,Filipowicz,lfilipowicz6j@etsy.com,509-485-4181
237,Franchot,Koubek,fkoubek6k@webnode.com,677-121-5833
238,Sonnie,Gunningham,sgunningham6l@pinterest.com,971-418-7956
239,Cash,Mardlin,cmardlin6m@opensource.org,448-413-3028
240,Blane,Bendan,bbendan6n@usatoday.com,663-157-6980
241,Estella,Prestige,eprestige6o@wiley.com,918-484-1910
242,Hugues,Starkie,hstarkie6p@washingtonpost.com,855-520-0150
243,Marcelline,Boustred,mboustred6q@europa.eu,112-456-3171
244,Edee,Carmel,ecarmel6r@nymag.com,411-557-3780
245,Tabbie,Tutsell,ttutsell6s@forbes.com,195-916-1211
246,Ethan,Toffolo,etoffolo6t@si.edu,426-174-9901
247,Kirby,Westoll,kwestoll6u@jimdo.com,839-552-9404
248,Kylie,Leckey,kleckey6v@ca.gov,368-764-6862
249,Cyrill,Antonowicz,cantonowicz6w@census.gov,520-336-8740
250,Joy,Blouet,jblouet6x@washingtonpost.com,202-779-9053
251,Stearne,Tamburo,stamburo6y@sphinn.com,768-167-9469
252,Marice,Veque,mveque6z@cnn.com,963-831-3069
253,Valma,Dallison,vdallison70@typepad.com,968-304-5894
254,Karena,Paunsford,kpaunsford71@pagesperso-orange.fr,888-803-2747
255,Joycelin,Handrok,jhandrok72@twitter.com,779-455-1686
256,Dodi,Abbatucci,dabbatucci73@pinterest.com,654-924-7616
257,Wally,Colbeck,wcolbeck74@elpais.com,821-615-2867
258,Scottie,Dyson,sdyson75@is.gd,787-491-5534
259,Ulric,Giriardelli,ugiriardelli76@va.gov,386-541-0519
260,Caritta,Ditchburn,cditchburn77@mail.ru,454-849-7338
261,Kandy,Layne,klayne78@ning.com,383-438-3491
262,Raffarty,Berthome,rberthome79@kickstarter.com,627-355-7317
263,Darci,Snoad,dsnoad7a@sciencedaily.com,136-164-8405
264,Maurits,Carme,mcarme7b@mapy.cz,619-943-2289
265,Eddie,Jedrzaszkiewicz,ejedrzaszkiewicz7c@ask.com,818-190-4305
266,Amil,Ebbles,aebbles7d@oracle.com,342-824-7792
267,Tabbatha,Vowels,tvowels7e@webeden.co.uk,789-861-7592
268,Dolli,Heel,dheel7f@mayoclinic.com,372-262-9338
269,Leighton,Paulack,lpaulack7g@wordpress.com,466-618-5627
270,Gerianna,Bagot,gbagot7h@privacy.gov.au,215-386-3324
271,Sansone,Paddle,spaddle7i@4shared.com,336-517-3534
272,Ruddy,Revie,rrevie7j@spiegel.de,364-549-9381
273,Alard,Avesque,aavesque7k@live.com,667-748-9808
274,Fleur,Ireland,fireland7l@businesswire.com,996-286-5951
275,Goddard,Miles,gmiles7m@macromedia.com,392-123-9232
276,Levy,Passman,lpassman7n@1und1.de,479-574-0927
277,Orv,Reide,oreide7o@tuttocitta.it,603-502-3398
278,Lindy,McConnal,lmcconnal7p@slashdot.org,558-585-8361
279,Corina,Offill,coffill7q@github.com,207-640-3649
280,Robin,Grinham,rgrinham7r@lycos.com,649-839-7544
281,Vale,Simeoni,vsimeoni7s@reddit.com,949-166-2821
282,Austin,Lark,alark7t@nyu.edu,624-100-1167
283,Leopold,MacMorland,lmacmorland7u@unblog.fr,192-623-6480
284,Findlay,Liepina,fliepina7v@oaic.gov.au,280-975-0811
285,Benedick,Rival,brival7w@skyrock.com,546-524-0987
286,Muffin,Cluer,mcluer7x@moonfruit.com,476-140-0327
287,Albertine,Kinnard,akinnard7y@apple.com,745-208-5892
288,Saba,Knightsbridge,sknightsbridge7z@surveymonkey.com,309-890-9417
289,Hedwiga,Wincom,hwincom80@myspace.com,534-444-3828
290,Doretta,Slack,dslack81@reference.com,221-892-5213
291,Delora,German,dgerman82@columbia.edu,879-401-0380
292,Gibby,Kinghorn,gkinghorn83@163.com,337-582-3355
293,Rebbecca,California,rcalifornia84@naver.com,917-649-2832
294,Rosie,McGuffie,rmcguffie85@slate.com,715-996-2552
295,Bengt,Dinsell,bdinsell86@cnbc.com,870-109-0541
296,Isabella,Pletts,ipletts87@com.com,482-631-5954
297,Halsy,Fant,hfant88@jimdo.com,893-704-2766
298,Dino,Clayton,dclayton89@shutterfly.com,502-284-0329
299,Lettie,Kiddell,lkiddell8a@ed.gov,268-675-8643
300,Carolus,Boyle,cboyle8b@jimdo.com,550-581-1746
301,Viole,Cacacie,vcacacie8c@shutterfly.com,384-260-5002
302,Fidole,Tole,ftole8d@webs.com,181-129-9237
303,Vassili,Fruchter,vfruchter8e@cpanel.net,567-668-1992
304,Merl,Eastwood,meastwood8f@hhs.gov,287-972-3866
305,Glad,Dawtrey,gdawtrey8g@slideshare.net,847-484-6842
306,Kim,O'Rowane,korowane8h@slideshare.net,874-404-1006
307,Maddalena,Carpenter,mcarpenter8i@washington.edu,813-706-2399
308,Alvie,Olliff,aolliff8j@eventbrite.com,899-468-9338
309,Amabel,Saban,asaban8k@xrea.com,912-916-1721
310,Ulrich,Hamlet,uhamlet8l@intel.com,922-994-0597
311,Philippe,Kiddy,pkiddy8m@pbs.org,192-925-5076
312,Hyatt,Horrell,hhorrell8n@google.com.au,360-824-7117
313,Lola,Melarkey,lmelarkey8o@samsung.com,742-231-8249
314,Hermia,Esselin,hesselin8p@oaic.gov.au,841-558-7893
315,Ambros,Puttergill,aputtergill8q@hatena.ne.jp,750-654-8857
316,Kerri,Jouanny,kjouanny8r@ted.com,383-360-3895
317,Mendel,Jozefowicz,mjozefowicz8s@cam.ac.uk,383-676-4843
318,Pippo,O'Day,poday8t@tmall.com,438-406-3246
319,Vitoria,Meth,vmeth8u@comcast.net,612-868-2027
320,Waverley,Monketon,wmonketon8v@wikimedia.org,854-229-5580
321,Curcio,Beere,cbeere8w@wp.com,703-516-4635
322,Brnaba,Lowey,blowey8x@amazon.co.jp,900-516-8532
323,Gamaliel,Piquard,gpiquard8y@myspace.com,670-451-6753
324,Adora,Dakhov,adakhov8z@meetup.com,168-214-3715
325,Cyril,Eastcourt,ceastcourt90@jimdo.com,698-640-8186
326,Ikey,Dominguez,idominguez91@auda.org.au,195-430-2968
327,Lazarus,Vondrasek,lvondrasek92@chronoengine.com,585-856-2971
328,Ronnie,Haylands,rhaylands93@shinystat.com,140-287-4323
329,Peria,Gawen,pgawen94@dropbox.com,368-183-3805
330,Carr,Porritt,cporritt95@boston.com,632-416-4044
331,Tandy,Arnholz,tarnholz96@naver.com,225-866-4006
332,Timofei,Iredell,tiredell97@geocities.com,762-831-1048
333,Stephen,Surpliss,ssurpliss98@wired.com,970-321-3679
334,Nadiya,Aguirrezabala,naguirrezabala99@archive.org,397-790-5395
335,Teri,Rosewell,trosewell9a@wisc.edu,568-793-7059
336,Brander,Alexis,balexis9b@constantcontact.com,757-943-7977
337,Storm,Haugh,shaugh9c@hatena.ne.jp,677-837-2438
338,Arlyn,Langford,alangford9d@soundcloud.com,750-747-6270
339,Wiley,Kirkland,wkirkland9e@ibm.com,375-438-7916
340,Ethelda,Dorin,edorin9f@lulu.com,793-171-4682
341,Mata,Bruckental,mbruckental9g@e-recht24.de,283-997-0056
342,Rosanne,Arnley,rarnley9h@oracle.com,298-703-3107
343,Karoline,Floyed,kfloyed9i@hp.com,567-424-5372
344,Corenda,Haliday,chaliday9j@google.com.au,639-811-1956
345,Curt,Hammand,chammand9k@newsvine.com,977-267-4524
346,Christin,Ewbanche,cewbanche9l@mayoclinic.com,876-850-5758
347,Malinda,Basson,mbasson9m@ibm.com,296-709-7815
348,Lolly,Rime,lrime9n@ning.com,921-309-7270
349,Merilyn,Stebbings,mstebbings9o@nba.com,138-584-0673
350,Cindelyn,Chappel,cchappel9p@who.int,755-135-4434
351,Patsy,Skilton,pskilton9q@ovh.net,264-714-4234
352,Andrei,Meiklejohn,ameiklejohn9r@mozilla.org,736-695-0049
353,Viv,Gahan,vgahan9s@hp.com,430-390-1641
354,Nerissa,Cargill,ncargill9t@mapy.cz,626-128-5528
355,Rory,Thay,rthay9u@addtoany.com,185-248-6230
356,Anders,Pipworth,apipworth9v@samsung.com,903-199-9288
357,Mallissa,Patillo,mpatillo9w@amazon.co.uk,607-614-0764
358,Christiane,Scaplehorn,cscaplehorn9x@un.org,369-891-9868
359,Dawna,Tomczynski,dtomczynski9y@desdev.cn,810-178-8203
360,Isis,Ourry,iourry9z@xinhuanet.com,589-585-9762
361,Janel,Brabbins,jbrabbinsa0@delicious.com,523-649-0395
362,Francklin,Sketchley,fsketchleya1@angelfire.com,818-231-2340
363,Alasteir,Denness,adennessa2@slate.com,413-250-1920
364,Dud,Ferrer,dferrera3@telegraph.co.uk,803-248-0095
365,Rudyard,Samuel,rsamuela4@sfgate.com,183-833-3824
366,Petunia,Vivash,pvivasha5@exblog.jp,683-555-4660
367,Madonna,Narramore,mnarramorea6@purevolume.com,658-524-9764
368,Riki,Pavlov,rpavlova7@un.org,758-391-2720
369,Adham,Gumn,agumna8@friendfeed.com,944-220-5456
370,Robbyn,Linney,rlinneya9@apache.org,728-930-8809
371,Constantin,Slym,cslymaa@reuters.com,383-916-1192
372,Gannie,Micco,gmiccoab@cdbaby.com,929-116-5409
373,Patrick,Eslinger,peslingerac@ted.com,380-554-8175
374,Dominick,Gillon,dgillonad@harvard.edu,519-831-9460
375,Phelia,Learoid,plearoidae@wordpress.org,662-543-6855
376,Lauralee,Lemmens,llemmensaf@epa.gov,521-325-2904
377,Donal,Gladdifh,dgladdifhag@linkedin.com,852-345-8036
378,Remus,Filyashin,rfilyashinah@ebay.co.uk,831-280-0505
379,Anabel,Ironmonger,aironmongerai@goo.ne.jp,805-261-3236
380,Georgie,Dugood,gdugoodaj@stumbleupon.com,143-520-0700
381,Francene,Miskin,fmiskinak@berkeley.edu,244-628-0479
382,Paton,Croneen,pcroneenal@bravesites.com,656-991-3576
383,Irita,Jain,ijainam@infoseek.co.jp,676-187-3025
384,Rossy,Coggell,rcoggellan@i2i.jp,588-809-3961
385,Wat,O'Henery,woheneryao@ted.com,433-637-7997
386,Franciska,Beecker,fbeeckerap@soundcloud.com,617-174-0078
387,Roosevelt,Klimentov,rklimentovaq@tripod.com,468-297-4778
388,Eugene,Simioni,esimioniar@nifty.com,480-233-7197
389,Lanita,Elgey,lelgeyas@sitemeter.com,412-358-7912
390,Alwyn,Cardenas,acardenasat@facebook.com,790-947-4201
391,Peadar,Royce,proyceau@webnode.com,485-420-8514
392,Alidia,Taaffe,ataaffeav@google.pl,929-332-4280
393,Britt,Hannan,bhannanaw@wordpress.org,347-648-7271
394,Jemima,MacIlurick,jmacilurickax@desdev.cn,569-886-4429
395,Ludovico,Delos,ldelosay@ehow.com,359-775-0727
396,Merwin,Wisher,mwisheraz@qq.com,392-333-4238
397,Abramo,Doyle,adoyleb0@bbb.org,196-233-9377
398,Gisele,Linscott,glinscottb1@g.co,916-805-1446
399,Ariella,Cardenas,acardenasb2@mac.com,954-828-5702
400,Jeanelle,Knocker,jknockerb3@1688.com,560-953-2680
401,Bone,Edmund,bedmundb4@hexun.com,707-277-3275
402,Letitia,Akram,lakramb5@printfriendly.com,158-335-2762
403,Keefe,Hansom,khansomb6@youtu.be,909-525-8249
404,Lewes,Goretti,lgorettib7@tiny.cc,145-473-1630
405,Cozmo,Shreeve,cshreeveb8@tuttocitta.it,430-851-3648
406,Dallas,Esler,deslerb9@com.com,447-978-8254
407,Rory,Ivanin,rivaninba@ted.com,476-840-9342
408,Barny,Thornton,bthorntonbb@studiopress.com,323-316-4265
409,Evan,Blasi,eblasibc@theglobeandmail.com,841-142-8725
410,Janka,Baraclough,jbaracloughbd@wiley.com,762-771-1726
411,Claudette,Pharo,cpharobe@ycombinator.com,180-349-7610
412,Benoit,Backshaw,bbackshawbf@tinypic.com,413-372-3257
413,Cliff,Rohmer,crohmerbg@histats.com,341-929-7686
414,Ruggiero,Magner,rmagnerbh@photobucket.com,552-121-5030
415,Jessie,Nockalls,jnockallsbi@joomla.org,254-216-5655
416,Clemmy,Elloit,celloitbj@un.org,634-707-9250
417,Elke,Tatton,etattonbk@tripod.com,653-223-4684
418,Nikki,Patel,npatelbl@shutterfly.com,514-878-2998
419,Brendin,Moakes,bmoakesbm@ted.com,840-787-2418
420,Fleming,Seawell,fseawellbn@state.tx.us,829-979-7082
421,Olivero,Allen,oallenbo@geocities.com,481-156-2129
422,Zabrina,Normavill,znormavillbp@independent.co.uk,474-163-1367
423,Suzanne,Roskrug,sroskrugbq@linkedin.com,619-703-7314
424,Amandy,McTrustam,amctrustambr@webnode.com,424-507-4974
425,Ernesto,Meaders,emeadersbs@smh.com.au,952-819-4166
426,Obie,O'Looney,oolooneybt@histats.com,716-259-9483
427,Celine,Rushby,crushbybu@wikimedia.org,227-458-4863
428,Maressa,Malzard,mmalzardbv@tmall.com,148-115-9094
429,Roderich,Richfield,rrichfieldbw@google.co.uk,889-548-1619
430,Tanitansy,Millins,tmillinsbx@pen.io,758-633-2305
431,Jaquenetta,Bowskill,jbowskillby@stanford.edu,300-394-4824
432,Sibyl,Jezzard,sjezzardbz@ask.com,457-627-8651
433,Collie,Glisane,cglisanec0@virginia.edu,810-197-3250
434,Alidia,Cowx,acowxc1@nps.gov,197-478-6480
435,Richy,Petroselli,rpetrosellic2@princeton.edu,892-160-3529
436,Ailey,MacVicar,amacvicarc3@accuweather.com,607-467-6706
437,Keelia,Hissie,khissiec4@state.gov,118-354-4954
438,Anastasia,Musprat,amuspratc5@over-blog.com,689-638-3443
439,Alexandros,Arnull,aarnullc6@guardian.co.uk,785-511-3049
440,Farlie,Doncaster,fdoncasterc7@360.cn,461-121-3670
441,Miof mela,Ryton,mrytonc8@desdev.cn,939-764-2368
442,Adolf,Brierly,abrierlyc9@mapquest.com,109-429-5593
443,Cordi,Akister,cakisterca@mashable.com,948-932-7820
444,Devina,Myhill,dmyhillcb@infoseek.co.jp,314-641-7403
445,Rachel,Bissex,rbissexcc@chron.com,255-937-0702
446,Jamil,Smithson,jsmithsoncd@1und1.de,308-312-0685
447,Federico,Morcomb,fmorcombce@tinyurl.com,298-681-9655
448,Nevin,Abley,nableycf@usa.gov,227-514-7874
449,Liv,Ughelli,lughellicg@woothemes.com,389-443-2268
450,Jyoti,Bratch,jbratchch@archive.org,145-301-5118
451,Stormie,De Luna,sdelunaci@marketwatch.com,419-444-0003
452,Julina,Froggatt,jfroggattcj@telegraph.co.uk,765-546-2925
453,Hewe,Inglis,hinglisck@irs.gov,618-815-3705
454,Farr,Heinke,fheinkecl@harvard.edu,801-525-9549
455,Carry,Boyson,cboysoncm@livejournal.com,792-220-7754
456,Antonio,Crumb,acrumbcn@ucla.edu,318-436-8271
457,Blancha,Chominski,bchominskico@tinyurl.com,174-312-5829
458,Ashly,Girogetti,agirogetticp@sphinn.com,135-339-6743
459,Errol,Dewdney,edewdneycq@umn.edu,224-528-6648
460,Cayla,Durbridge,cdurbridgecr@kickstarter.com,240-253-5747
461,Wynne,Bartolomieu,wbartolomieucs@mail.ru,598-858-1051
462,Adrian,Girardeau,agirardeauct@cargocollective.com,911-687-0839
463,Grete,Rove,grovecu@smh.com.au,343-850-1798
464,Theadora,Davids,tdavidscv@admin.ch,378-167-7626
465,Moina,Willoughley,mwilloughleycw@php.net,361-979-6976
466,Zollie,Lempertz,zlempertzcx@google.cn,895-284-9532
467,Ulrick,Cramphorn,ucramphorncy@trellian.com,351-832-9070
468,Jorrie,Nicholes,jnicholescz@examiner.com,834-109-3022
469,Kial,Milward,kmilwardd0@mashable.com,743-214-0977
470,Nappy,Berry,nberryd1@rakuten.co.jp,109-328-6250
471,Geoffry,Hamor,ghamord2@livejournal.com,180-828-4339
472,Dalia,Hilling,dhillingd3@ibm.com,596-691-1867
473,Carmine,Abdon,cabdond4@dion.ne.jp,614-318-9311
474,Kele,Ondricek,kondricekd5@jalbum.net,490-517-0465
475,Ernie,Zorzutti,ezorzuttid6@ustream.tv,254-692-4931
476,Dallis,Hayth,dhaythd7@wired.com,700-979-0071
477,Kira,Sammars,ksammarsd8@opensource.org,577-591-5431
478,Ilene,Challiss,ichallissd9@huffingtonpost.com,708-414-7302
479,Alex,Plum,aplumda@sun.com,375-161-7187
480,Gale,Haysham,ghayshamdb@ucla.edu,314-244-3045
481,Perla,Dregan,pdregandc@comcast.net,652-129-6111
482,Vivie,Levitt,vlevittdd@reuters.com,287-795-1122
483,Danyette,Nys,dnysde@amazon.com,903-103-7258
484,Frederich,Rodway,frodwaydf@paginegialle.it,452-660-6314
485,Viviana,McCague,vmccaguedg@unblog.fr,773-772-9007
486,Lyda,Martindale,lmartindaledh@sina.com.cn,514-385-9639
487,Amandie,Duckitt,aduckittdi@google.cn,300-801-5839
488,Bartel,Cummine,bcumminedj@slashdot.org,440-776-4183
489,Jedediah,Walbridge,jwalbridgedk@ted.com,743-744-0617
490,Orton,Dumphry,odumphrydl@go.com,426-101-0255
491,Robert,Paterno,rpaternodm@aol.com,384-121-0097
492,Timmy,Tuxsell,ttuxselldn@dropbox.com,373-370-4592
493,Thaddeus,Lazell,tlazelldo@google.co.jp,595-585-1436
494,Didi,Bennedick,dbennedickdp@redcross.org,721-160-5688
495,Davida,Bassick,dbassickdq@reuters.com,526-619-5003
496,Matti,Gon,mgondr@ehow.com,398-932-9817
497,Aharon,Glassford,aglassfordds@ezinearticles.com,501-174-8409
498,Emmerich,Fairs,efairsdt@cbsnews.com,490-554-4506
499,Cynthy,Petrasek,cpetrasekdu@tuttocitta.it,721-185-0811
500,Waldo,Brawley,wbrawleydv@canalblog.com,816-292-6605
501,Ingemar,Stillmann,istillmanndw@gov.uk,863-950-5968
502,Ronnica,Nana,rnanadx@berkeley.edu,482-579-5703
503,Vonni,Chese,vchesedy@booking.com,326-356-4543
504,Inesita,Torrejon,itorrejondz@state.tx.us,782-162-2552
505,Korrie,Amies,kamiese0@symantec.com,846-286-1929
506,Sigfrid,Akehurst,sakehurste1@elegantthemes.com,137-977-6007
507,Chancey,Linge,clingee2@yandex.ru,112-613-3822
508,Jewel,Dorin,jdorine3@loc.gov,667-545-0727
509,Jillian,Wynch,jwynche4@amazon.com,728-887-5092
510,Aimee,Catonne,acatonnee5@aboutads.info,605-363-1940
511,Dale,Side,dsidee6@washingtonpost.com,308-289-6378
512,Dion,Reddell,dreddelle7@lulu.com,708-790-3448
513,Kayle,Zupo,kzupoe8@cbc.ca,300-822-2079
514,Lovell,Crosgrove,lcrosgrovee9@indiatimes.com,560-180-0790
515,Damaris,Ville,dvilleea@behance.net,529-926-4311
516,Putnam,Rilton,priltoneb@list-manage.com,939-917-6999
517,Jase,Somerton,jsomertonec@hugedomains.com,140-418-8982
518,Neville,Toothill,ntoothilled@ft.com,309-572-1227
519,Noah,Ortzen,nortzenee@hao123.com,330-774-3216
520,Ericha,Lafford,elaffordef@reference.com,846-827-8782
521,Garvy,Betteriss,gbetterisseg@usda.gov,505-122-8594
522,Johnny,Mattiato,jmattiatoeh@nba.com,404-374-8733
523,Tally,Simecek,tsimecekei@goo.gl,353-749-6488
524,Claus,Cranmer,ccranmerej@china.com.cn,814-834-9166
525,Noel,Skahill,nskahillek@wordpress.org,521-989-3953
526,Udale,Mayhead,umayheadel@pagesperso-orange.fr,618-283-3412
527,Cindi,Matches,cmatchesem@china.com.cn,636-941-6529
528,Madonna,Balmadier,mbalmadieren@yellowpages.com,138-650-7252
529,Carly,Astin,castineo@bigcartel.com,497-466-2855
530,Giraldo,Claffey,gclaffeyep@wp.com,505-941-6275
531,Ceil,Breadmore,cbreadmoreeq@hugedomains.com,624-163-1126
532,Antonina,Pengelly,apengellyer@constantcontact.com,512-393-1933
533,Rasia,Pattesall,rpattesalles@ted.com,102-284-8179
534,Melisse,Behninck,mbehnincket@tinyurl.com,842-241-2521
535,Madelena,Honniebal,mhonniebaleu@simplemachines.org,667-497-6914
536,Laughton,Binnie,lbinnieev@seesaa.net,968-617-5679
537,Raymond,Ishak,rishakew@cloudflare.com,420-490-1294
538,Lonny,Sayce,lsayceex@webnode.com,861-890-2238
539,Vinnie,Hadrill,vhadrilley@canalblog.com,914-527-3851
540,Zebulon,Fardon,zfardonez@networkadvertising.org,332-481-4855
541,Idalina,Sherwin,isherwinf0@e-recht24.de,124-300-8924
542,Christiana,Grigolashvill,cgrigolashvillf1@wordpress.org,564-648-6570
543,Alphard,Aslam,aaslamf2@unc.edu,953-861-0101
544,Kiele,Godin,kgodinf3@rakuten.co.jp,751-114-3808
545,Sibilla,Skarman,sskarmanf4@topsy.com,913-175-3798
546,Audry,Sims,asimsf5@icio.us,992-365-1556
547,Joey,Dewhirst,jdewhirstf6@wikipedia.org,783-317-5471
548,Carlin,Monkleigh,cmonkleighf7@arizona.edu,540-389-7728
549,Zarla,Canham,zcanhamf8@redcross.org,955-957-4386
550,Fabe,Bezarra,fbezarraf9@list-manage.com,442-394-2636
551,Babara,Furneaux,bfurneauxfa@ftc.gov,748-587-2352
552,Marnia,Menichelli,mmenichellifb@sciencedirect.com,520-962-8048
553,Lorant,Izakovitz,lizakovitzfc@reuters.com,174-595-7055
554,Mirella,Milbourn,mmilbournfd@blog.com,286-207-4495
555,Tammy,Tother,ttotherfe@umn.edu,391-449-8250
556,Emmet,Polo,epoloff@ox.ac.uk,823-664-5932
557,Dunstan,Costard,dcostardfg@disqus.com,514-250-8243
558,Biddie,Mungin,bmunginfh@bloomberg.com,258-764-7111
559,Rickey,Gemson,rgemsonfi@cdc.gov,417-818-4483
560,Suzette,Haggas,shaggasfj@addtoany.com,642-510-0635
561,Menard,Warret,mwarretfk@nasa.gov,301-758-9063
562,Mella,Surgison,msurgisonfl@surveymonkey.com,905-478-4529
563,Michaeline,Cribbin,mcribbinfm@google.fr,126-464-5073
564,Ruy,Ambrogini,rambroginifn@macromedia.com,705-618-6863
565,Sergeant,Farren,sfarrenfo@angelfire.com,438-283-1646
566,Paddy,Akrigg,pakriggfp@trellian.com,809-340-8992
567,Kerry,Buckerfield,kbuckerfieldfq@latimes.com,624-521-3536
568,Shirline,Hinstock,shinstockfr@jugem.jp,766-711-1624
569,Fanechka,Jefferson,fjeffersonfs@gmpg.org,758-866-6008
570,Andria,Corthes,acorthesft@geocities.jp,241-369-7111
571,Mackenzie,de Mullett,mdemullettfu@sfgate.com,827-358-4179
572,Sibilla,Insley,sinsleyfv@histats.com,690-912-8858
573,Celesta,Sands,csandsfw@gnu.org,934-362-3234
574,Annelise,Kyllford,akyllfordfx@amazon.com,871-804-4615
575,Read,Redan,rredanfy@newyorker.com,879-911-2085
576,Oona,Cantos,ocantosfz@webeden.co.uk,801-574-6168
577,Hazel,Peagram,hpeagramg0@sfgate.com,846-995-9206
578,Norry,Edes,nedesg1@cbc.ca,590-610-4375
579,Reena,Sharples,rsharplesg2@vimeo.com,990-401-5037
580,Samara,Dowdam,sdowdamg3@wiley.com,211-699-2741
581,Ruddie,Bexley,rbexleyg4@bing.com,445-797-3838
582,Gunilla,Tellenbrok,gtellenbrokg5@mapquest.com,404-120-6504
583,Denys,Markel,dmarkelg6@rambler.ru,285-144-9415
584,Roth,Austins,raustinsg7@booking.com,945-260-3789
585,Clerissa,Hinners,chinnersg8@uiuc.edu,970-969-9103
586,Helsa,Fynes,hfynesg9@simplemachines.org,468-382-2850
587,Lazarus,Schimank,lschimankga@addthis.com,989-266-0544
588,Adair,Fedder,afeddergb@jiathis.com,415-792-1292
589,Livia,Arthan,larthangc@elpais.com,336-653-5997
590,Julienne,Bickle,jbicklegd@columbia.edu,540-216-3244
591,Leilah,Lewsey,llewseyge@yale.edu,816-682-0054
592,Artus,Grushin,agrushingf@nbcnews.com,398-190-6398
593,Darcee,Twinning,dtwinninggg@businesswire.com,947-695-0046
594,Ashil,Zamorrano,azamorranogh@joomla.org,774-934-5875
595,Livy,Roger,lrogergi@parallels.com,732-411-4174
596,Ursulina,Kenson,ukensongj@domainmarket.com,799-297-9352
597,Tobi,Danskine,tdanskinegk@wsj.com,911-737-4660
598,Gwyneth,Boundy,gboundygl@cafepress.com,673-370-7281
599,Noemi,Persence,npersencegm@google.es,651-271-8726
600,Albertina,McCracken,amccrackengn@wix.com,903-247-4950
601,Foster,Kerrod,fkerrodgo@pen.io,476-557-5163
602,Danna,Portsmouth,dportsmouthgp@angelfire.com,976-988-5929
603,Sargent,Mumbey,smumbeygq@drupal.org,640-204-7623
604,Killy,Gebby,kgebbygr@walmart.com,288-313-1703
605,Maynord,Dumbellow,mdumbellowgs@blogtalkradio.com,592-249-9463
606,Luelle,Bauldry,lbauldrygt@sourceforge.net,681-130-8250
607,Goddard,Iacobini,giacobinigu@reverbnation.com,366-102-2845
608,Easter,Iley,eileygv@surveymonkey.com,810-983-8492
609,Joane,Mollett,jmollettgw@php.net,484-726-9560
610,Vanda,Sumpter,vsumptergx@google.ru,912-165-3913
611,Odette,Kepe,okepegy@drupal.org,422-757-6066
612,Tracey,McEneny,tmcenenygz@yahoo.com,459-838-0147
613,Suzi,Cranage,scranageh0@e-recht24.de,792-593-4976
614,Trista,Tothe,ttotheh1@flavors.me,354-874-6400
615,Jerrine,Vannuccini,jvannuccinih2@amazon.co.jp,372-516-2738
616,Thomas,Eadie,teadieh3@eepurl.com,129-762-8619
617,Bertram,Bohje,bbohjeh4@quantcast.com,163-605-5012
618,Jorie,Malden,jmaldenh5@deviantart.com,472-993-0885
619,Kiel,Essberger,kessbergerh6@naver.com,799-832-6075
620,Beatrice,Donnel,bdonnelh7@eepurl.com,342-103-2691
621,Reeva,Manuelli,rmanuellih8@jiathis.com,815-822-3237
622,Isabeau,Bradwell,ibradwellh9@hexun.com,187-210-1772
623,Tucker,McGilvray,tmcgilvrayha@nba.com,209-321-8660
624,Katee,Gerhardt,kgerhardthb@sourceforge.net,743-985-8187
625,Jacquie,Reeday,jreedayhc@wisc.edu,358-803-9989
626,Lauren,Gudgen,lgudgenhd@elegantthemes.com,102-822-4491
627,Violetta,Adamowitz,vadamowitzhe@cisco.com,946-708-1520
628,Thornton,Kilduff,tkilduffhf@geocities.com,839-480-3445
629,Sinclair,Pringer,springerhg@japanpost.jp,573-372-5446
630,Lorilee,Paal,lpaalhh@jigsy.com,697-925-5001
631,Anetta,McShirie,amcshiriehi@sciencedirect.com,275-719-6871
632,Hatty,Schuricke,hschurickehj@skyrock.com,561-673-6812
633,Harriette,Macguire,hmacguirehk@apple.com,359-489-7889
634,Arney,Blumire,ablumirehl@sitemeter.com,350-216-3218
635,Ofelia,Gillian,ogillianhm@latimes.com,375-837-1641
636,Lissy,Brookbank,lbrookbankhn@netscape.com,596-510-5223
637,Wash,Cancelier,wcancelierho@weebly.com,805-544-8679
638,Papageno,Mellonby,pmellonbyhp@jigsy.com,867-828-8620
639,Linnea,Samwell,lsamwellhq@cornell.edu,926-501-4604
640,Christophorus,Geistmann,cgeistmannhr@macromedia.com,608-108-0205
641,Bud,Vanyukov,bvanyukovhs@ebay.com,598-247-2679
642,Carter,Alyukin,calyukinht@admin.ch,640-844-9776
643,Iago,Halvosen,ihalvosenhu@quantcast.com,564-945-1767
644,Karlotta,Goodfield,kgoodfieldhv@dion.ne.jp,426-922-2215
645,Kinna,Dunne,kdunnehw@bloglovin.com,170-649-8121
646,Ferdy,Glede,fgledehx@state.gov,541-576-1012
647,Dwight,Raise,draisehy@psu.edu,753-218-0893
648,Irma,Hulles,ihulleshz@japanpost.jp,603-269-4857
649,D'arcy,Coneybeare,dconeybearei0@merriam-webster.com,614-958-8389
650,Lenci,Axleby,laxlebyi1@smugmug.com,539-527-8407
651,Leeland,Linnane,llinnanei2@buzzfeed.com,790-202-7492
652,Gretta,Iaduccelli,giaduccellii3@telegraph.co.uk,699-254-5339
653,Gwen,Jaffa,gjaffai4@twitpic.com,309-503-2729
654,Desdemona,Yve,dyvei5@cornell.edu,895-840-9734
655,Dante,Wakelam,dwakelami6@networkadvertising.org,139-133-6158
656,Lilyan,Lydden,llyddeni7@mtv.com,653-165-5554
657,Faydra,Buckthorpe,fbuckthorpei8@army.mil,906-818-7088
658,Dean,Clayhill,dclayhilli9@forbes.com,622-208-0311
659,Leisha,Ashbridge,lashbridgeia@businessinsider.com,419-187-7075
660,Jazmin,Spiring,jspiringib@soundcloud.com,155-720-4527
661,Aeriell,Rumbold,arumboldic@friendfeed.com,776-551-7769
662,Bord,O' Quirk,boquirkid@squidoo.com,633-302-9156
663,Tessi,Balaam,tbalaamie@barnesandnoble.com,761-180-4401
664,Vyky,Beaudry,vbeaudryif@delicious.com,724-290-3791
665,Virginia,Roddam,vroddamig@independent.co.uk,750-551-1396
666,Shelly,Spurgin,sspurginih@java.com,323-287-3466
667,Hiram,Dach,hdachii@microsoft.com,969-881-3013
668,Alethea,Stirgess,astirgessij@mlb.com,968-240-4850
669,Kenton,Nussey,knusseyik@flickr.com,855-168-2413
670,Willa,Reavell,wreavellil@reference.com,467-716-7583
671,Eloise,Whiteson,ewhitesonim@facebook.com,377-413-0966
672,Kimberlyn,Lengthorn,klengthornin@about.com,523-654-3062
673,Theo,Thacke,tthackeio@abc.net.au,486-793-6288
674,Janifer,Hawarden,jhawardenip@wordpress.com,974-847-3868
675,Everett,Westby,ewestbyiq@mozilla.org,640-424-4521
676,Cayla,Garron,cgarronir@weibo.com,884-648-7576
677,Orelie,Hanstock,ohanstockis@storify.com,190-729-7091
678,Benedikt,Hansmann,bhansmannit@etsy.com,733-781-5339
679,Fowler,Ioan,fioaniu@webeden.co.uk,442-335-4014
680,Gennie,Byfford,gbyffordiv@wufoo.com,532-797-5832
681,Elwin,MacIlriach,emacilriachiw@yellowpages.com,553-772-9188
682,Tatiania,Longmaid,tlongmaidix@wikispaces.com,292-645-6673
683,Teresa,Bladen,tbladeniy@rambler.ru,281-388-9893
684,Wilfrid,Balmadier,wbalmadieriz@t-online.de,785-315-4630
685,Rene,Rudram,rrudramj0@live.com,361-510-4025
686,Bord,Edmenson,bedmensonj1@unesco.org,976-536-0193
687,Candide,Pithcock,cpithcockj2@toplist.cz,208-365-7823
688,Zahara,Harnor,zharnorj3@youtube.com,502-545-2952
689,Riane,Brack,rbrackj4@mail.ru,188-202-3033
690,Vikki,McGee,vmcgeej5@sina.com.cn,138-933-2837
691,Virginia,Selbach,vselbachj6@jigsy.com,872-986-6742
692,Danny,Blann,dblannj7@kickstarter.com,165-995-6731
693,Elwin,Vedeshkin,evedeshkinj8@china.com.cn,312-267-8400
694,Bee,Jancar,bjancarj9@spiegel.de,261-822-5874
695,Brinna,Adan,badanja@squarespace.com,111-895-0365
696,Hillary,Battram,hbattramjb@smugmug.com,386-338-8447
697,Tatiana,Guilleton,tguilletonjc@amazon.co.jp,851-756-9720
698,Toddy,Rikel,trikeljd@cdbaby.com,668-961-0778
699,Jobye,Bome,jbomeje@t-online.de,714-448-4953
700,Michell,Faichnie,mfaichniejf@amazon.co.uk,398-962-7498
701,Wat,Faunt,wfauntjg@linkedin.com,344-818-6723
702,Yovonnda,Capp,ycappjh@imdb.com,449-629-9302
703,Jaime,Ledington,jledingtonji@nature.com,302-547-5213
704,Rip,Cheyney,rcheyneyjj@webnode.com,599-818-5305
705,Luce,Fricke,lfrickejk@forbes.com,556-219-4603
706,Sander,Divall,sdivalljl@amazon.de,961-812-5666
707,Benni,Wollers,bwollersjm@wix.com,228-831-4828
708,Stacey,Plaster,splasterjn@odnoklassniki.ru,480-574-4552
709,Eldredge,Fidler,efidlerjo@google.com,156-643-2903
710,Dominic,Bradane,dbradanejp@ibm.com,593-770-6591
711,Nita,Polo,npolojq@digg.com,158-937-1072
712,Novelia,Krates,nkratesjr@edublogs.org,922-272-8579
713,Talbot,Applegarth,tapplegarthjs@stumbleupon.com,390-289-2052
714,Nealon,Plante,nplantejt@woothemes.com,430-355-9379
715,Felecia,Maccree,fmaccreeju@liveinternet.ru,206-509-4054
716,Isak,Braisby,ibraisbyjv@google.fr,311-421-7428
717,Nikoletta,O'Hegertie,nohegertiejw@desdev.cn,116-828-8879
718,Gerrie,Davidsohn,gdavidsohnjx@ocn.ne.jp,560-712-8654
719,Carolann,Lucius,cluciusjy@de.vu,831-418-9342
720,Gusella,Klemmt,gklemmtjz@un.org,726-863-1387
721,Luke,Segebrecht,lsegebrechtk0@skyrock.com,881-723-2276
722,Myrlene,Midlane,mmidlanek1@free.fr,328-515-4298
723,Adaline,Demke,ademkek2@histats.com,214-568-0764
724,Kelly,Braam,kbraamk3@auda.org.au,672-543-5199
725,Venus,Melmore,vmelmorek4@taobao.com,413-244-0377
726,Craggy,Lowe,clowek5@multiply.com,941-940-5280
727,Wilburt,O' Faherty,wofahertyk6@indiegogo.com,655-980-3330
728,Salem,Harlock,sharlockk7@unblog.fr,625-948-6363
729,Ansel,Gann,agannk8@weibo.com,965-453-2780
730,Tera,Cocklie,tcockliek9@narod.ru,696-427-6013
731,Lizzie,Sapena,lsapenaka@desdev.cn,911-664-0748
732,Findlay,Borland,fborlandkb@illinois.edu,346-704-2926
733,Jody,Gelly,jgellykc@seattletimes.com,314-859-0170
734,Ginelle,Bolderson,gboldersonkd@seesaa.net,278-140-8764
735,Scotti,Jameson,sjamesonke@indiegogo.com,676-668-1535
736,Cointon,Yerrill,cyerrillkf@nature.com,722-184-5460
737,Nessa,MacShirrie,nmacshirriekg@facebook.com,636-446-5578
738,Randee,Rapport,rrapportkh@microsoft.com,250-400-0104
739,Wakefield,Foynes,wfoyneski@dailymotion.com,804-368-8713
740,Annabal,Benninger,abenningerkj@hugedomains.com,892-879-5164
741,Ursuline,Margrem,umargremkk@domainmarket.com,211-148-1610
742,Sherlocke,Purkins,spurkinskl@jalbum.net,168-909-3881
743,Kipper,Beche,kbechekm@chronoengine.com,526-293-0324
744,Dominga,Elvish,delvishkn@telegraph.co.uk,576-826-2356
745,Reginauld,Ganiclef,rganiclefko@mtv.com,904-522-0426
746,Dani,Furmedge,dfurmedgekp@reuters.com,383-128-9723
747,Abel,Fiorentino,afiorentinokq@indiegogo.com,950-867-9527
748,Kat,Anshell,kanshellkr@jigsy.com,436-721-4527
749,Alistair,Rushbrooke,arushbrookeks@istockphoto.com,914-690-8888
750,Thaxter,Debrett,tdebrettkt@msu.edu,310-888-3997
751,Noami,Fellgate,nfellgateku@wordpress.com,276-671-0065
752,Granger,Defew,gdefewkv@eventbrite.com,137-696-7125
753,Bron,Plose,bplosekw@indiegogo.com,421-777-7593
754,Powell,Boliver,pboliverkx@tumblr.com,266-393-9614
755,Ronna,Coppock.,rcoppockky@ovh.net,634-111-6826
756,Brinn,Thompkins,bthompkinskz@mapy.cz,674-654-4270
757,Myrna,Moodie,mmoodiel0@webs.com,871-188-8635
758,Sutherlan,Bootyman,sbootymanl1@diigo.com,285-763-9858
759,Nicolle,Balmadier,nbalmadierl2@jugem.jp,579-185-4481
760,Tony,Eighteen,teighteenl3@toplist.cz,826-292-2878
761,Joyous,Berthon,jberthonl4@posterous.com,418-545-0443
762,Otho,Belloch,obellochl5@facebook.com,872-527-6835
763,Fionnula,Perrottet,fperrottetl6@hatena.ne.jp,872-555-9925
764,Danyelle,Pratte,dprattel7@skyrock.com,937-820-1343
765,Barnabe,Izacenko,bizacenkol8@msu.edu,556-233-6143
766,Arch,Teasell,ateaselll9@hostgator.com,273-633-3555
767,Elwyn,McCleary,emcclearyla@addthis.com,816-228-6742
768,Maren,Wadesworth,mwadesworthlb@360.cn,178-335-9136
769,Tamma,Matyugin,tmatyuginlc@bandcamp.com,947-895-2139
770,Brian,Campana,bcampanald@dagondesign.com,861-328-9399
771,Lannie,Collison,lcollisonle@unc.edu,544-398-9391
772,Mikel,Brockley,mbrockleylf@jiathis.com,515-537-7334
773,Lane,Petrello,lpetrellolg@webs.com,672-464-2268
774,Evangelia,Kydd,ekyddlh@creativecommons.org,725-207-7132
775,Ardene,Guilloud,aguilloudli@wordpress.org,263-568-3814
776,Wright,Caro,wcarolj@slate.com,805-301-4146
777,Bern,Casini,bcasinilk@geocities.com,468-659-2778
778,Hayward,Bilney,hbilneyll@senate.gov,349-887-5876
779,Raquel,O'Cleary,roclearylm@dmoz.org,452-413-5989
780,Tansy,Brakewell,tbrakewellln@xinhuanet.com,576-308-8692
781,Gun,Greser,ggreserlo@domainmarket.com,195-808-7427
782,Stevena,Issacson,sissacsonlp@artisteer.com,118-629-2477
783,Jania,Inglesant,jinglesantlq@imdb.com,932-959-5660
784,Marge,Gilstin,mgilstinlr@hp.com,718-697-8297
785,Egbert,Lacotte,elacottels@bandcamp.com,743-747-3314
786,Davida,Blenkinship,dblenkinshiplt@behance.net,199-680-1351
787,Riccardo,Stanmer,rstanmerlu@amazon.co.uk,661-314-8878
788,Pammi,Legrand,plegrandlv@nydailynews.com,670-135-9244
789,Glenn,Portigall,gportigalllw@jugem.jp,143-362-6897
790,Aime,Chupin,achupinlx@yellowbook.com,345-450-3684
791,Rudyard,Washbrook,rwashbrookly@examiner.com,657-122-1847
792,Hiram,Philip,hphiliplz@elegantthemes.com,190-787-4325
793,Audra,Surgood,asurgoodm0@hud.gov,895-261-7603
794,Pascale,Cattel,pcattelm1@mail.ru,574-227-3126
795,Bertina,Bockett,bbockettm2@imgur.com,750-723-9987
796,Doralyn,Murkitt,dmurkittm3@technorati.com,970-163-9956
797,Grange,Leidecker,gleideckerm4@bigcartel.com,865-872-8857
798,Kermit,Robroe,krobroem5@shareasale.com,302-723-6174
799,Farr,Chessun,fchessunm6@zdnet.com,594-706-3295
800,Gray,Anton,gantonm7@symantec.com,777-221-2660
801,Rochelle,Rowson,rrowsonm8@sbwire.com,172-782-1148
802,Sheridan,Onslow,sonslowm9@prlog.org,184-117-3871
803,Trenna,Quarrington,tquarringtonma@bluehost.com,414-893-2373
804,Gustavus,Troyes,gtroyesmb@ucsd.edu,504-356-6419
805,Donall,McJerrow,dmcjerrowmc@chronoengine.com,566-659-8017
806,Editha,Tookill,etookillmd@businessinsider.com,865-479-2076
807,Baird,Anthonies,banthoniesme@house.gov,717-873-7746
808,Chelsea,Moorcroft,cmoorcroftmf@yale.edu,922-894-2822
809,Giovanni,Gameson,ggamesonmg@php.net,690-895-5568
810,Francine,Cellone,fcellonemh@irs.gov,357-405-8610
811,Bernarr,Sayre,bsayremi@reuters.com,285-436-2563
812,Valida,Gittus,vgittusmj@marriott.com,617-691-2659
813,Agata,Lawman,alawmanmk@livejournal.com,626-173-5686
814,Adam,Haken,ahakenml@dot.gov,702-378-5554
815,Alaster,Hutchinson,ahutchinsonmm@howstuffworks.com,606-640-6259
816,Cathie,Blick,cblickmn@oracle.com,117-761-6527
817,Emmalynn,Gervaise,egervaisemo@jugem.jp,638-530-4191
818,Tiffie,McNay,tmcnaymp@ucoz.ru,159-129-7863
819,Izzy,Mervyn,imervynmq@hatena.ne.jp,256-671-3743
820,Jamal,Coult,jcoultmr@nifty.com,157-195-3272
821,Grover,Ennor,gennorms@alexa.com,526-241-3210
822,Lowe,Wragg,lwraggmt@e-recht24.de,466-640-0214
823,Evelyn,Kosel,ekoselmu@prlog.org,838-234-1999
824,Brittany,Eard,beardmv@washingtonpost.com,390-233-0351
825,Valene,Saddleton,vsaddletonmw@redcross.org,887-454-2831
826,Reese,Mousdall,rmousdallmx@theguardian.com,969-264-9587
827,Byrom,Grigore,bgrigoremy@java.com,168-868-5660
828,Suzanne,Placstone,splacstonemz@photobucket.com,739-699-9922
829,Lisha,Peyntue,lpeyntuen0@altervista.org,710-977-2604
830,Faulkner,Puddle,fpuddlen1@fastcompany.com,758-288-2058
831,Alon,Durgan,adurgann2@woothemes.com,984-311-7635
832,Tanney,MacKintosh,tmackintoshn3@chicagotribune.com,700-598-5679
833,Benyamin,Holtom,bholtomn4@google.cn,958-335-0359
834,Farleigh,Garrow,fgarrown5@ning.com,818-465-8520
835,Carley,Onyon,conyonn6@github.io,231-843-9384
836,Barrie,Cartmill,bcartmilln7@foxnews.com,581-726-5802
837,Jaimie,Creed,jcreedn8@springer.com,640-550-0475
838,Hastings,Sheron,hsheronn9@surveymonkey.com,814-616-0248
839,Jacklyn,Laughton,jlaughtonna@netscape.com,575-145-5771
840,Cherry,Cosgry,ccosgrynb@4shared.com,997-610-9287
841,Nowell,Rupel,nrupelnc@ca.gov,563-701-7693
842,Liza,Souley,lsouleynd@umich.edu,680-870-1854
843,Kitti,Gaine of England,kgaineofenglandne@gmpg.org,172-731-7015
844,Sheila-kathryn,Nelhams,snelhamsnf@about.com,228-904-1333
845,Aguie,Klimkiewich,aklimkiewichng@bloglines.com,415-689-3376
846,Iggy,Roelvink,iroelvinknh@wsj.com,966-268-3748
847,Addy,Garden,agardenni@tumblr.com,315-268-8438
848,Bondy,Duprey,bdupreynj@webnode.com,689-189-5009
849,Elisabetta,Crinkley,ecrinkleynk@myspace.com,253-527-8575
850,Hewie,Gulk,hgulknl@springer.com,554-334-8683
851,Elfreda,Huttley,ehuttleynm@deviantart.com,702-893-3736
852,Talbert,Mammatt,tmammattnn@army.mil,334-709-9414
853,Garvin,Savin,gsavinno@gmpg.org,752-296-3539
854,Melony,Barme,mbarmenp@hud.gov,139-156-7880
855,Vasili,Petriello,vpetriellonq@google.com.au,409-578-2038
856,Oran,Beurich,obeurichnr@ibm.com,418-130-2729
857,Roxi,Gillivrie,rgillivriens@reverbnation.com,878-182-6021
858,Benyamin,Plumbe,bplumbent@webs.com,954-101-7399
859,Cinderella,Sneezem,csneezemnu@arstechnica.com,286-619-0751
860,Tate,Zahor,tzahornv@smugmug.com,868-847-6072
861,Leah,Brunning,lbrunningnw@diigo.com,394-653-8661
862,Maia,Salvadori,msalvadorinx@rediff.com,266-645-6447
863,Hamel,Chesterton,hchestertonny@blogs.com,342-381-4055
864,Tanney,Shevell,tshevellnz@nyu.edu,220-570-4520
865,Rafaelita,Shervil,rshervilo0@opensource.org,462-457-1639
866,Albina,Harbert,aharberto1@xinhuanet.com,716-390-7052
867,Marlyn,Ickovic,mickovico2@engadget.com,826-294-6414
868,Giffie,Parfrey,gparfreyo3@europa.eu,364-409-1433
869,Delora,Arthan,darthano4@google.co.jp,795-969-8019
870,Frankie,Acey,faceyo5@timesonline.co.uk,814-617-4197
871,Amalia,Coucha,acouchao6@about.com,696-263-2384
872,Jeniece,Doore,jdooreo7@nifty.com,884-367-2786
873,Marigold,Baptista,mbaptistao8@cnbc.com,483-711-9525
874,Juli,Bend,jbendo9@wordpress.com,713-999-8300
875,Sid,Reddick,sreddickoa@dion.ne.jp,769-197-2406
876,Cleavland,Simenet,csimenetob@mediafire.com,802-371-9599
877,Joni,McDade,jmcdadeoc@live.com,214-910-9878
878,Libbi,Elgar,lelgarod@craigslist.org,771-104-4255
879,Manfred,O'Luney,moluneyoe@globo.com,493-259-8333
880,Kristoffer,MacKeller,kmackellerof@kickstarter.com,686-533-5382
881,Lita,Claworth,lclaworthog@gmpg.org,770-667-7453
882,Ruddie,Nesbitt,rnesbittoh@creativecommons.org,376-932-0451
883,Daniela,Nutten,dnuttenoi@berkeley.edu,473-954-6179
884,Maren,Oen,moenoj@ted.com,612-900-9516
885,Marina,Yateman,myatemanok@odnoklassniki.ru,951-683-0486
886,Selestina,McQuaker,smcquakerol@army.mil,658-241-2473
887,Kalinda,Rolfi,krolfiom@statcounter.com,856-753-2637
888,Paulette,Corballis,pcorballison@cnet.com,834-516-6388
889,Koenraad,Albutt,kalbuttoo@rediff.com,326-727-3497
890,Junia,Haselup,jhaselupop@ftc.gov,650-553-5759
891,Madelon,Ubee,mubeeoq@wisc.edu,455-353-8603
892,Sydel,Rilings,srilingsor@mysql.com,980-646-1569
893,Olivette,le Keux,olekeuxos@upenn.edu,860-123-2299
894,Ailbert,Nuccitelli,anuccitelliot@eepurl.com,388-121-9362
895,Merrili,Gavaghan,mgavaghanou@yelp.com,160-618-2386
896,Issie,Kilsby,ikilsbyov@bloomberg.com,881-479-9721
897,Colby,Dixcey,cdixceyow@hexun.com,697-397-9663
898,Garvey,Kearsley,gkearsleyox@wikimedia.org,592-327-7127
899,Boote,Byrd,bbyrdoy@deviantart.com,454-792-2551
900,Billy,Itzkovwitch,bitzkovwitchoz@kickstarter.com,588-217-3872
901,Romy,Tees,rteesp0@jigsy.com,248-929-0096
902,Mervin,Winspire,mwinspirep1@mit.edu,459-812-3570
903,Tobiah,Stangoe,tstangoep2@jiathis.com,207-244-2190
904,Bibbye,Karolovsky,bkarolovskyp3@usnews.com,652-784-3800
905,Ludovico,O'Connor,loconnorp4@youtube.com,453-623-6926
906,Adena,Pauer,apauerp5@yelp.com,311-620-3639
907,Cecilius,Daubeny,cdaubenyp6@sciencedaily.com,303-228-5949
908,Alric,Moxon,amoxonp7@unc.edu,410-357-9163
909,Kennan,Gashion,kgashionp8@lycos.com,317-329-9188
910,Ashly,Ticksall,aticksallp9@cbc.ca,514-767-2496
911,Phineas,Sackler,psacklerpa@huffingtonpost.com,973-204-5109
912,Alwin,Mintoft,amintoftpb@washington.edu,380-294-8026
913,Lin,La Vigne,llavignepc@ycombinator.com,955-880-6912
914,Ashli,Casel,acaselpd@ucoz.ru,139-353-9186
915,Giulia,Maplethorp,gmaplethorppe@deliciousdays.com,400-653-4829
916,Georgiana,Gumbrell,ggumbrellpf@pbs.org,468-604-8539
917,Ailee,Pick,apickpg@sphinn.com,222-953-3074
918,Elsey,Strangward,estrangwardph@fotki.com,447-210-6423
919,Vilhelmina,Veel,vveelpi@cmu.edu,122-844-2384
920,Dela,Baison,dbaisonpj@themeforest.net,615-734-3721
921,Maisey,Cadwallader,mcadwalladerpk@ehow.com,205-444-4750
922,Kyle,Hutable,khutablepl@wsj.com,811-773-3516
923,Joela,Pealing,jpealingpm@wired.com,713-276-8982
924,Araldo,Sigmund,asigmundpn@umich.edu,871-144-1343
925,Jonis,Lambrechts,jlambrechtspo@tmall.com,739-850-1086
926,Arvin,Cordier,acordierpp@spotify.com,232-604-3511
927,Francesca,Layton,flaytonpq@addthis.com,897-864-6694
928,Valerie,Dinley,vdinleypr@e-recht24.de,456-642-4951
929,Lamond,Shoreson,lshoresonps@loc.gov,455-963-7654
930,Conroy,Haith,chaithpt@slashdot.org,922-766-6744
931,Bondy,Handford,bhandfordpu@ning.com,338-627-8065
932,Gonzalo,Fay,gfaypv@topsy.com,103-636-3235
933,Mab,Campes,mcampespw@sciencedaily.com,212-106-2548
934,Joell,Claffey,jclaffeypx@nba.com,351-372-1689
935,Sayer,Jarrold,sjarroldpy@networksolutions.com,962-828-3607
936,Jayson,Dinsey,jdinseypz@livejournal.com,552-806-4362
937,Ilene,Trobey,itrobeyq0@narod.ru,901-973-7853
938,Tallia,Swinburne,tswinburneq1@cnbc.com,748-462-8980
939,Evin,FitzGeorge,efitzgeorgeq2@nsw.gov.au,767-185-2169
940,Mikael,Leipelt,mleipeltq3@live.com,739-293-4336
941,Jesse,Longega,jlongegaq4@fema.gov,256-320-6091
942,Giuseppe,Coddington,gcoddingtonq5@liveinternet.ru,224-870-7482
943,Eldridge,Branthwaite,ebranthwaiteq6@wordpress.com,617-399-2560
944,Annalise,Gendricke,agendrickeq7@wikipedia.org,452-355-2802
945,Krishnah,Guirau,kguirauq8@people.com.cn,834-821-7498
946,Francklin,Denne,fdenneq9@altervista.org,952-386-5688
947,Barbee,Chicchetto,bchicchettoqa@mayoclinic.com,638-622-8014
948,Maisie,Olphert,molphertqb@nifty.com,134-395-8806
949,Holly,Stack,hstackqc@amazonaws.com,435-100-4498
950,Stanley,Drews,sdrewsqd@meetup.com,178-232-6287
951,Noellyn,Plaunch,nplaunchqe@opera.com,222-333-7803
952,Millie,Sackey,msackeyqf@europa.eu,942-104-5089
953,Alden,Veryard,averyardqg@archive.org,221-459-3027
954,Stephie,Mucillo,smucilloqh@bluehost.com,318-755-0767
955,Kissiah,Champain,kchampainqi@princeton.edu,796-902-0760
956,Burr,Bullimore,bbullimoreqj@ameblo.jp,692-662-5795
957,Coral,Rikkard,crikkardqk@qq.com,920-343-7296
958,Nancee,Huniwall,nhuniwallql@hexun.com,735-742-9676
959,Barty,Innott,binnottqm@technorati.com,821-163-0650
960,Urbano,Gounel,ugounelqn@ft.com,245-804-4581
961,Renaldo,Christmas,rchristmasqo@drupal.org,352-207-1220
962,Wyatan,Pfeffle,wpfeffleqp@sciencedaily.com,383-617-5402
963,Ellis,Hounsom,ehounsomqq@wufoo.com,880-292-1732
964,Maxi,Goodrick,mgoodrickqr@mayoclinic.com,506-230-0932
965,Shelia,Morfey,smorfeyqs@google.com,523-207-7370
966,Joeann,Gronav,jgronavqt@walmart.com,151-935-9421
967,Evan,Murkus,emurkusqu@weather.com,741-137-2392
968,Haskell,Pane,hpaneqv@quantcast.com,380-777-0050
969,Maddy,Zambonini,mzamboniniqw@java.com,809-765-2670
970,Nathanial,Commins,ncomminsqx@nature.com,516-730-2316
971,Almeda,Teresia,ateresiaqy@pinterest.com,496-249-7106
972,Reider,Pountain,rpountainqz@smugmug.com,690-201-4403
973,Annelise,Wilkins,awilkinsr0@php.net,434-708-2570
974,Marjie,Lambert-Ciorwyn,mlambertciorwynr1@umich.edu,360-667-3057
975,Hillard,Leaman,hleamanr2@webs.com,598-468-0369
976,Sharlene,Sivier,ssivierr3@theatlantic.com,866-411-7393
977,Barbara-anne,Elen,belenr4@jugem.jp,357-632-7918
978,Garry,Sebyer,gsebyerr5@furl.net,132-945-3063
979,Caitlin,Frisdick,cfrisdickr6@google.com.hk,776-272-4259
980,Dre,Widdowson,dwiddowsonr7@cloudflare.com,447-589-4022
981,Cody,Stallybrass,cstallybrassr8@baidu.com,956-249-9885
982,Raphael,Feavyour,rfeavyourr9@comsenz.com,530-731-0152
983,Elene,Warfield,ewarfieldra@intel.com,534-494-0069
984,Norris,Romanini,nromaninirb@nhs.uk,727-343-2966
985,Norri,Ruxton,nruxtonrc@eventbrite.com,507-364-2437
986,Caria,Peerless,cpeerlessrd@google.com,869-670-3493
987,Catha,Odhams,codhamsre@discovery.com,955-152-2147
988,Engelbert,Dew,edewrf@smugmug.com,911-703-7242
989,Alex,Flexman,aflexmanrg@delicious.com,569-415-9759
990,Trescha,Brissard,tbrissardrh@joomla.org,213-925-2461
991,Shannen,Muncer,smuncerri@earthlink.net,991-490-6037
992,Leonora,Yerborn,lyerbornrj@oaic.gov.au,430-943-1909
993,Travus,Perkis,tperkisrk@phoca.cz,757-102-8602
994,Else,Snalum,esnalumrl@elegantthemes.com,386-206-4037
995,Coriss,Tortice,ctorticerm@hud.gov,664-139-2322
996,Luisa,Pollen,lpollenrn@nationalgeographic.com,557-921-0573
997,Berti,Leander,bleanderro@sourceforge.net,451-315-6942
998,Shanta,Appleton,sappletonrp@psu.edu,694-486-9177
999,Danila,Gillard,dgillardrq@quantcast.com,105-276-2897
1000,Anne-marie,Dillintone,adillintonerr@sourceforge.net,279-740-2425
